CÓDIGO HORÁRIO;DESCRIÇÃO HORÁRIO;ID SCRIPT;INICIO;TERMINO
2129;22:00 23:48 00:03 04:00;22:0004:00;22:00;04:00
2130;22:00 00:05 00:20 04:00;22:0004:00;22:00;04:00
2203;22:00 00:20 00:35 04:00;22:0004:00;22:00;04:00
2138;22:00 00:10 00:25 04:00;22:0004:00;22:00;04:00
2135;22:00 23:50 00:05 04:00;22:0004:00;22:00;04:00
2166;22:00 00:25 00:40 04:00;22:0004:00;22:00;04:00
2169;22:00 01:35 01:50 04:00;22:0004:00;22:00;04:00
2172;22:00 01:10 01:25 04:00;22:0004:00;22:00;04:00
2168;22:00 00:00 00:15 04:00;22:0004:00;22:00;04:00
2137;22:00 23:55 00:10 04:00;22:0004:00;22:00;04:00
741;22:00 00:45 01:00 04:00;22:0004:00;22:00;04:00
283;04:00 06:20 06:35 10:00;04:0010:00;04:00;10:00
347;04:00 06:35 06:50 10:00;04:0010:00;04:00;10:00
816;04:00 05:48 06:03 10:00;04:0010:00;04:00;10:00
1087;08:00 AS 14:00;08:0014:00;08:00;14:00
1931;12:00 13:48 14:03 18:00;12:0018:00;12:00;18:00
1092;12:00 AS 18:00;12:0018:00;12:00;18:00
232;12:00 15:40 15:55 18:00;12:0018:00;12:00;18:00
1099;16:00 AS 22:00;16:0022:00;16:00;22:00
24;12:00 13:55 14:10 18:00;12:0018:00;12:00;18:00
9999;DSR;;;
287;12:00 14:50 15:05 18:00;12:0018:00;12:00;18:00
239;05:00 07:00 08:00 13:00;05:0013:00;05:00;13:00
583;05:00 08:45 09:45 13:00;05:0013:00;05:00;13:00
584;05:00 09:15 10:15 13:00;05:0013:00;05:00;13:00
65;05:00 10:00 11:00 13:00;05:0013:00;05:00;13:00
625;05:00 08:50 09:50 13:00;05:0013:00;05:00;13:00
107;05:00 09:45 10:45 13:00;05:0013:00;05:00;13:00
67;05:00 09:20 10:20 13:00;05:0013:00;05:00;13:00
5360;05:00 09:00 10:00 13:00;05:0013:00;05:00;13:00
113;05:00 09:40 10:40 13:00;05:0013:00;05:00;13:00
137;16:00 18:00 19:00 00:00;16:0000:00;16:00;00:00
1990;08:00 10:00 11:00 16:00;08:0016:00;08:00;16:00
231;16:00 20:50 21:50 00:00;16:0000:00;16:00;00:00
35;16:00 18:20 19:20 00:00;16:0000:00;16:00;00:00
136;16:00 18:55 19:55 00:00;16:0000:00;16:00;00:00
225;16:00 19:20 20:20 00:00;16:0000:00;16:00;00:00
230;16:00 18:40 19:40 00:00;16:0000:00;16:00;00:00
183;16:00 19:35 20:35 00:00;16:0000:00;16:00;00:00
142;16:00 18:25 19:25 00:00;16:0000:00;16:00;00:00
349;16:00 20:10 21:10 00:00;16:0000:00;16:00;00:00
150;16:00 20:40 21:40 00:00;16:0000:00;16:00;00:00
1342;14:00 16:00 17:00 22:00;14:0022:00;14:00;22:00
521;16:00 21:00 22:00 00:00;16:0000:00;16:00;00:00
76;12:00 15:35 15:50 18:00;12:0018:00;12:00;18:00
261;12:00 14:25 14:40 18:00;12:0018:00;12:00;18:00
280;12:00 14:20 14:35 18:00;12:0018:00;12:00;18:00
340;12:00 14:10 14:25 18:00;12:0018:00;12:00;18:00
29;12:00 14:05 14:20 18:00;12:0018:00;12:00;18:00
27;12:00 15:55 16:10 18:00;12:0018:00;12:00;18:00
86;12:00 14:35 14:50 18:00;12:0018:00;12:00;18:00
84;12:00 15:50 16:05 18:00;12:0018:00;12:00;18:00
2136;22:00 01:15 01:30 04:00;22:0004:00;22:00;04:00
2167;22:00 01:55 02:10 04:00;22:0004:00;22:00;04:00
2140;22:00 00:50 01:05 04:00;22:0004:00;22:00;04:00
2139;22:00 00:30 00:45 04:00;22:0004:00;22:00;04:00
2141;22:00 01:45 02:00 04:00;22:0004:00;22:00;04:00
4424;10:00 11:00 12:00 16:00;10:0016:00;10:00;16:00
103;18:00 20:15 20:30 00:00;18:0000:00;18:00;00:00
2570;14:00 15:00 16:00 20:00;14:0020:00;14:00;20:00
14;18:00 21:30 21:45 00:00;18:0000:00;18:00;00:00
1836;18:00 19:48 20:03 00:00;18:0000:00;18:00;00:00
783;18:00 20:55 21:10 00:00;18:0000:00;18:00;00:00
94;18:00 21:00 21:15 00:00;18:0000:00;18:00;00:00
11;18:00 21:10 21:25 00:00;18:0000:00;18:00;00:00
95;18:00 21:20 21:35 00:00;18:0000:00;18:00;00:00
10;18:00 19:55 20:10 00:00;18:0000:00;18:00;00:00
89;18:00 21:15 21:30 00:00;18:0000:00;18:00;00:00
12;18:00 21:45 22:00 00:00;18:0000:00;18:00;00:00
1389;18:00 20:50 21:05 00:00;18:0000:00;18:00;00:00
101;18:00 20:00 20:15 00:00;18:0000:00;18:00;00:00
151;05:00 06:48 07:03 11:00;05:0011:00;05:00;11:00
709;05:00 08:05 08:20 11:00;05:0011:00;05:00;11:00
172;05:00 08:25 08:40 11:00;05:0011:00;05:00;11:00
325;05:00 08:30 08:45 11:00;05:0011:00;05:00;11:00
669;05:00 08:25 08:40 11:00;05:0011:00;05:00;11:00
611;05:00 07:05 07:20 11:00;05:0011:00;05:00;11:00
666;05:00 06:50 07:05 11:00;05:0011:00;05:00;11:00
2133;22:00 01:05 01:20 04:00;22:0004:00;22:00;04:00
2127;22:00 00:15 00:30 04:00;22:0004:00;22:00;04:00
2171;22:00 01:00 01:15 04:00;22:0004:00;22:00;04:00
860;06:00 07:48 08:03 12:00;06:0012:00;06:00;12:00
350;06:00 09:40 09:55 12:00;06:0012:00;06:00;12:00
49;06:00 09:10 09:25 12:00;06:0012:00;06:00;12:00
51;06:00 09:15 09:30 12:00;06:0012:00;06:00;12:00
274;06:00 08:55 09:10 12:00;06:0012:00;06:00;12:00
275;06:00 08:35 08:50 12:00;06:0012:00;06:00;12:00
405;06:00 09:25 09:40 12:00;06:0012:00;06:00;12:00
352;06:00 09:20 09:35 12:00;06:0012:00;06:00;12:00
862;06:00 08:05 08:20 12:00;06:0012:00;06:00;12:00
839;04:00 06:00 07:00 12:00;04:0012:00;04:00;12:00
241;06:00 08:00 09:00 14:00;06:0014:00;06:00;14:00
1150;06:00 AS 14:00;06:0014:00;06:00;14:00
227;06:00 10:05 11:05 14:00;06:0014:00;06:00;14:00
413;06:00 10:40 11:40 14:00;06:0014:00;06:00;14:00
2048;20:00 22:00 23:00 04:00;20:0004:00;20:00;04:00
2526;22:00 00:00 01:00 06:00;22:0006:00;22:00;06:00
2036;20:00 23:20 00:20 04:00;20:0004:00;20:00;04:00
2045;20:00 01:00 02:00 04:00;20:0004:00;20:00;04:00
2044;20:00 23:45 00:45 04:00;20:0004:00;20:00;04:00
2054;20:00 00:30 01:30 04:00;20:0004:00;20:00;04:00
3957;20:00 00:50 01:50 04:00;20:0004:00;20:00;04:00
2183;20:00 23:35 00:35 04:00;20:0004:00;20:00;04:00
5363;20:00 00:00 01:00 04:00;20:0004:00;20:00;04:00
1296;20:00 AS 04:00;20:0004:00;20:00;04:00
1333;12:00 AS 18:00;12:0018:00;12:00;18:00
341;12:00 15:10 15:25 18:00;12:0018:00;12:00;18:00
83;12:00 14:15 14:30 18:00;12:0018:00;12:00;18:00
88;12:00 15:05 15:20 18:00;12:0018:00;12:00;18:00
484;12:00 14:30 14:45 18:00;12:0018:00;12:00;18:00
74;12:00 15:15 15:30 18:00;12:0018:00;12:00;18:00
1948;12:00 14:00 15:00 20:00;12:0020:00;12:00;20:00
1951;12:00 15:35 16:35 20:00;12:0020:00;12:00;20:00
3075;12:00 14:15 15:15 20:00;12:0020:00;12:00;20:00
2158;12:00 14:40 15:40 20:00;12:0020:00;12:00;20:00
2154;12:00 14:10 15:10 20:00;12:0020:00;12:00;20:00
2156;12:00 14:50 15:50 20:00;12:0020:00;12:00;20:00
3759;12:00 14:35 15:35 20:00;12:0020:00;12:00;20:00
1955;12:00 15:40 16:40 20:00;12:0020:00;12:00;20:00
3074;12:00 15:15 16:15 20:00;12:0020:00;12:00;20:00
567;05:30 07:30 08:30 13:30;2,301041667;05:30;13:30
533;12:00 14:55 15:10 18:00;12:0018:00;12:00;18:00
75;12:00 15:25 15:40 18:00;12:0018:00;12:00;18:00
2027;09:00 10:48 11:03 15:00;09:0015:00;09:00;15:00
813;03:00 06:35 06:50 09:00;03:0009:00;03:00;09:00
808;03:00 06:25 06:40 09:00;03:0009:00;03:00;09:00
806;03:00 05:25 05:40 09:00;03:0009:00;03:00;09:00
799;03:00 05:45 06:00 09:00;03:0009:00;03:00;09:00
812;03:00 05:00 05:15 09:00;03:0009:00;03:00;09:00
800;03:00 05:55 06:10 09:00;03:0009:00;03:00;09:00
299;03:00 06:55 07:10 09:00;03:0009:00;03:00;09:00
2775;00:00 01:48 02:03 06:00;00:0006:00;00:00;06:00
802;03:00 04:48 05:03 09:00;03:0009:00;03:00;09:00
286;03:00 06:50 07:05 09:00;03:0009:00;03:00;09:00
3813;04:00 06:05 07:35 12:00;04:0012:00;04:00;12:00
3817;04:00 06:00 07:30 12:00;04:0012:00;04:00;12:00
3824;04:00 08:30 10:00 12:00;04:0012:00;04:00;12:00
3828;04:00 08:05 09:35 12:00;04:0012:00;04:00;12:00
5274;04:00 07:05 08:35 12:00;04:0012:00;04:00;12:00
5275;04:00 07:20 08:50 12:00;04:0012:00;04:00;12:00
3827;04:00 08:25 09:55 12:00;04:0012:00;04:00;12:00
3826;04:00 06:20 07:50 12:00;04:0012:00;04:00;12:00
3825;04:00 08:00 09:30 12:00;04:0012:00;04:00;12:00
34;16:00 19:00 20:00 00:00;16:0000:00;16:00;00:00
5358;16:00 20:00 21:00 00:00;16:0000:00;16:00;00:00
37;16:00 19:10 20:10 00:00;16:0000:00;16:00;00:00
522;16:00 18:35 19:35 00:00;16:0000:00;16:00;00:00
243;16:00 19:30 20:30 00:00;16:0000:00;16:00;00:00
154;16:00 20:25 21:25 00:00;16:0000:00;16:00;00:00
420;16:00 20:20 21:20 00:00;16:0000:00;16:00;00:00
36;16:00 19:25 20:25 00:00;16:0000:00;16:00;00:00
192;16:00 20:55 21:55 00:00;16:0000:00;16:00;00:00
2090;06:00 08:00 09:30 14:00;06:0014:00;06:00;14:00
2096;06:00 08:40 10:10 14:00;06:0014:00;06:00;14:00
15;06:00 09:10 10:10 14:00;06:0014:00;06:00;14:00
164;06:00 10:50 11:50 14:00;06:0014:00;06:00;14:00
126;06:00 09:30 10:30 14:00;06:0014:00;06:00;14:00
211;06:00 09:00 10:00 14:00;06:0014:00;06:00;14:00
80;06:00 10:55 11:55 14:00;06:0014:00;06:00;14:00
166;06:00 10:20 11:20 14:00;06:0014:00;06:00;14:00
415;06:00 08:05 09:05 14:00;06:0014:00;06:00;14:00
431;06:00 08:20 09:20 14:00;06:0014:00;06:00;14:00
1118;08:00 AS 16:00;08:0016:00;08:00;16:00
1142;00:00 AS 08:00;00:0008:00;00:00;08:00
93;18:00 21:50 22:05 00:00;18:0000:00;18:00;00:00
260;18:00 20:45 21:00 00:00;18:0000:00;18:00;00:00
143;18:00 21:55 22:10 00:00;18:0000:00;18:00;00:00
1922;11:00 12:48 13:03 17:00;11:0017:00;11:00;17:00
99;18:00 20:35 20:50 00:00;18:0000:00;18:00;00:00
606;18:00 21:25 21:40 00:00;18:0000:00;18:00;00:00
711;18:00 20:25 20:40 00:00;18:0000:00;18:00;00:00
555;18:00 21:40 21:55 00:00;18:0000:00;18:00;00:00
1160;16:00 AS 00:00;16:0000:00;16:00;00:00
1154;10:00 AS 18:00;10:0018:00;10:00;18:00
1173;04:00 AS 12:00;04:0012:00;04:00;12:00
2123;09:00 AS 17:00;09:0017:00;09:00;17:00
863;06:00 09:45 10:00 12:00;06:0012:00;06:00;12:00
2447;03:00 05:00 06:00 11:00;03:0011:00;03:00;11:00
2483;03:00 07:15 08:15 11:00;03:0011:00;03:00;11:00
2444;03:00 05:05 06:05 11:00;03:0011:00;03:00;11:00
2480;03:00 06:45 07:45 11:00;03:0011:00;03:00;11:00
2482;03:00 07:25 08:25 11:00;03:0011:00;03:00;11:00
3366;03:00 05:50 06:50 11:00;03:0011:00;03:00;11:00
2455;03:00 06:40 07:40 11:00;03:0011:00;03:00;11:00
2520;03:00 06:30 07:30 11:00;03:0011:00;03:00;11:00
31;04:00 06:05 06:20 10:00;04:0010:00;04:00;10:00
257;06:00 09:05 10:05 14:00;06:0014:00;06:00;14:00
79;06:00 08:40 09:40 14:00;06:0014:00;06:00;14:00
605;06:00 08:15 09:15 14:00;06:0014:00;06:00;14:00
81;06:00 11:00 12:00 14:00;06:0014:00;06:00;14:00
23;06:00 10:10 11:10 14:00;06:0014:00;06:00;14:00
4049;12:30 14:30 15:30 20:30;2,597569444;12:30;20:30
4060;12:30 15:20 16:20 20:30;2,597569444;12:30;20:30
5308;12:30 15:25 16:25 20:30;2,597569444;12:30;20:30
4052;12:30 15:50 16:50 20:30;2,597569444;12:30;20:30
4059;12:30 17:00 18:00 20:30;2,597569444;12:30;20:30
4055;12:30 15:00 16:00 20:30;2,597569444;12:30;20:30
4050;12:30 15:55 16:55 20:30;2,597569444;12:30;20:30
4048;12:30 15:35 16:35 20:30;2,597569444;12:30;20:30
4056;12:30 15:10 16:10 20:30;2,597569444;12:30;20:30
5310;12:30 17:25 18:25 20:30;2,597569444;12:30;20:30
191;16:00 20:30 21:30 00:00;16:0000:00;16:00;00:00
140;16:00 18:45 19:45 00:00;16:0000:00;16:00;00:00
608;12:00 14:45 15:00 18:00;12:0018:00;12:00;18:00
77;12:00 15:30 15:45 18:00;12:0018:00;12:00;18:00
2131;22:00 01:50 02:05 04:00;22:0004:00;22:00;04:00
2132;22:00 01:40 01:55 04:00;22:0004:00;22:00;04:00
635;22:00 00:40 00:55 04:00;22:0004:00;22:00;04:00
2165;22:00 00:55 01:10 04:00;22:0004:00;22:00;04:00
308;04:00 06:55 07:10 10:00;04:0010:00;04:00;10:00
366;04:00 06:10 06:25 10:00;04:0010:00;04:00;10:00
409;04:00 05:55 06:10 10:00;04:0010:00;04:00;10:00
410;04:00 07:55 08:10 10:00;04:0010:00;04:00;10:00
229;16:00 19:40 20:40 00:00;16:0000:00;16:00;00:00
139;16:00 18:50 19:50 00:00;16:0000:00;16:00;00:00
39;16:00 19:55 20:55 00:00;16:0000:00;16:00;00:00
3;16:00 19:00 19:15 22:00;16:0022:00;16:00;22:00
240;18:00 21:05 21:20 00:00;18:0000:00;18:00;00:00
97;18:00 20:10 20:25 00:00;18:0000:00;18:00;00:00
494;16:00 18:10 19:10 00:00;16:0000:00;16:00;00:00
200;16:00 20:35 21:35 00:00;16:0000:00;16:00;00:00
147;11:00 13:00 14:00 19:00;11:0019:00;11:00;19:00
153;10:00 11:48 12:03 16:00;10:0016:00;10:00;16:00
28;12:00 15:20 15:35 18:00;12:0018:00;12:00;18:00
26;12:00 13:50 14:05 18:00;12:0018:00;12:00;18:00
534;12:00 15:45 16:00 18:00;12:0018:00;12:00;18:00
2124;15:00 AS 23:00;15:0023:00;15:00;23:00
2258;17:00 AS 01:00;17:0001:00;17:00;01:00
527;05:00 09:55 10:55 13:00;05:0013:00;05:00;13:00
387;05:00 07:30 08:30 13:00;05:0013:00;05:00;13:00
148;11:00 14:00 15:00 19:00;11:0019:00;11:00;19:00
1156;11:00 AS 19:00;11:0019:00;11:00;19:00
146;11:00 16:00 17:00 19:00;11:0019:00;11:00;19:00
3655;22:00 00:45 01:45 06:00;22:0006:00;22:00;06:00
2146;22:00 AS 06:00;22:0006:00;22:00;06:00
2872;22:00 02:20 03:20 06:00;22:0006:00;22:00;06:00
2524;22:00 01:50 02:50 06:00;22:0006:00;22:00;06:00
2869;22:00 00:35 01:35 06:00;22:0006:00;22:00;06:00
2529;22:00 02:55 03:55 06:00;22:0006:00;22:00;06:00
2105;10:00 12:00 13:00 18:00;10:0018:00;10:00;18:00
528;10:00 14:10 15:10 18:00;10:0018:00;10:00;18:00
2837;10:00 14:55 15:55 18:00;10:0018:00;10:00;18:00
530;10:00 14:20 15:20 18:00;10:0018:00;10:00;18:00
2408;10:00 14:30 15:30 18:00;10:0018:00;10:00;18:00
574;10:00 13:05 14:05 18:00;10:0018:00;10:00;18:00
2106;10:00 12:20 13:20 18:00;10:0018:00;10:00;18:00
573;10:00 15:00 16:00 18:00;10:0018:00;10:00;18:00
2342;00:00 02:00 03:00 08:00;00:0008:00;00:00;08:00
572;10:00 12:25 13:25 18:00;10:0018:00;10:00;18:00
2410;10:00 12:40 13:40 18:00;10:0018:00;10:00;18:00
328;10:00 12:55 13:55 18:00;10:0018:00;10:00;18:00
3831;10:00 18:00;10:0018:00;10:00;18:00
98;18:00 20:05 20:20 00:00;18:0000:00;18:00;00:00
129;18:00 20:40 20:55 00:00;18:0000:00;18:00;00:00
1837;18:00 20:30 20:45 00:00;18:0000:00;18:00;00:00
5278;18:00 19:47 20:02 00:01;18:0000:01;18:00;00:01
5332;09:00 10:30 10:45 14:00;09:0014:00;09:00;14:00
3869;02:00 07:00 08:00 10:00;02:0010:00;02:00;10:00
3404;02:00 04:00 05:00 10:00;02:0010:00;02:00;10:00
3861;02:00 05:00 06:00 10:00;02:0010:00;02:00;10:00
3408;02:00 05:25 06:25 10:00;02:0010:00;02:00;10:00
3412;02:00 06:15 07:15 10:00;02:0010:00;02:00;10:00
3864;02:00 04:35 05:35 10:00;02:0010:00;02:00;10:00
3867;02:00 04:30 05:30 10:00;02:0010:00;02:00;10:00
5279;02:00 06:50 07:50 10:00;02:0010:00;02:00;10:00
3862;02:00 05:20 06:20 10:00;02:0010:00;02:00;10:00
4892;02:00 04:50 05:50 10:00;02:0010:00;02:00;10:00
5280;02:00 05:30 06:30 10:00;02:0010:00;02:00;10:00
2344;00:00 02:10 03:10 08:00;00:0008:00;00:00;08:00
244;16:00 20:05 21:05 00:00;16:0000:00;16:00;00:00
149;16:00 20:15 21:15 00:00;16:0000:00;16:00;00:00
421;06:00 09:05 09:20 12:00;06:0012:00;06:00;12:00
918;06:00 08:00 08:15 12:00;06:0012:00;06:00;12:00
351;06:00 08:45 09:00 12:00;06:0012:00;06:00;12:00
404;06:00 09:55 10:10 12:00;06:0012:00;06:00;12:00
32;04:00 07:05 07:20 10:00;04:0010:00;04:00;10:00
259;18:00 20:20 20:35 00:00;18:0000:00;18:00;00:00
290;06:00 08:20 08:35 12:00;06:0012:00;06:00;12:00
52;06:00 09:30 09:45 12:00;06:0012:00;06:00;12:00
50;06:00 09:35 09:50 12:00;06:0012:00;06:00;12:00
385;16:00 18:05 19:05 00:00;16:0000:00;16:00;00:00
40;16:00 19:15 20:15 00:00;16:0000:00;16:00;00:00
182;16:00 19:05 20:05 00:00;16:0000:00;16:00;00:00
4070;07:30 12:10 13:40 16:00;2,386111111;07:30;16:00
3916;07:30 10:30 12:00 16:00;2,386111111;07:30;16:00
942;07:00 08:48 09:03 13:00;07:0013:00;07:00;13:00
416;07:00 09:40 09:55 13:00;07:0013:00;07:00;13:00
948;07:00 10:30 10:45 13:00;07:0013:00;07:00;13:00
447;07:00 09:05 09:20 13:00;07:0013:00;07:00;13:00
73;07:00 10:05 10:20 13:00;07:0013:00;07:00;13:00
69;07:00 09:35 09:50 13:00;07:0013:00;07:00;13:00
1330;07:00 AS 13:00;07:0013:00;07:00;13:00
70;07:00 09:45 10:00 13:00;07:0013:00;07:00;13:00
943;07:00 10:15 10:30 13:00;07:0013:00;07:00;13:00
3198;08:00 09:48 10:03 14:00;08:0014:00;08:00;14:00
3188;08:00 11:05 11:20 14:00;08:0014:00;08:00;14:00
3252;08:00 11:20 11:35 14:00;08:0014:00;08:00;14:00
3192;08:00 10:35 10:50 14:00;08:0014:00;08:00;14:00
3186;08:00 10:20 10:35 14:00;08:0014:00;08:00;14:00
3874;08:00 10:00 11:30 16:00;08:0016:00;08:00;16:00
3968;12:00 14:00 15:30 20:00;12:0020:00;12:00;20:00
5745;14:00 16:00 17:30 22:00;14:0022:00;14:00;22:00
5746;10:00 12:00 13:30 18:00;10:0018:00;10:00;18:00
4668;09:00 11:00 12:30 17:00;09:0017:00;09:00;17:00
725;04:00 06:55 07:55 12:00;04:0012:00;04:00;12:00
5047;05:00 07:30 09:00 14:00;05:0014:00;05:00;14:00
3902;05:30 08:45 10:15 14:00;2,301388889;05:30;14:00
3895;05:30 10:00 11:30 14:00;2,301388889;05:30;14:00
262;12:00 14:00 14:15 18:00;12:0018:00;12:00;18:00
5354;12:00 15:00 15:15 18:00;12:0018:00;12:00;18:00
3915;07:30 10:20 11:50 16:00;2,386111111;07:30;16:00
3905;07:30 10:50 12:20 16:00;2,386111111;07:30;16:00
3903;07:30 11:35 13:05 16:00;2,386111111;07:30;16:00
3906;07:30 09:45 11:15 16:00;2,386111111;07:30;16:00
4067;07:30 12:05 13:35 16:00;2,386111111;07:30;16:00
4069;07:30 10:45 12:15 16:00;2,386111111;07:30;16:00
301;03:00 06:15 06:30 09:00;03:0009:00;03:00;09:00
284;03:00 06:20 06:35 09:00;03:0009:00;03:00;09:00
873;03:00 05:40 05:55 09:00;03:0009:00;03:00;09:00
258;06:00 09:25 10:25 14:00;06:0014:00;06:00;14:00
108;17:00 18:48 19:03 23:00;17:0023:00;17:00;23:00
237;17:00 20:35 20:50 23:00;17:0023:00;17:00;23:00
124;17:00 20:50 21:05 23:00;17:0023:00;17:00;23:00
251;07:00 09:00 10:00 15:00;07:0015:00;07:00;15:00
859;07:00 10:50 11:50 15:00;07:0015:00;07:00;15:00
921;07:00 11:40 12:40 15:00;07:0015:00;07:00;15:00
850;07:00 10:15 11:15 15:00;07:0015:00;07:00;15:00
853;07:00 09:45 10:45 15:00;07:0015:00;07:00;15:00
793;07:00 11:55 12:55 15:00;07:0015:00;07:00;15:00
1151;07:00 AS 15:00;07:0015:00;07:00;15:00
776;07:00 10:35 11:35 15:00;07:0015:00;07:00;15:00
120;06:00 08:30 10:00 14:30;06:0014:30;06:00;14:30
2100;06:00 09:20 10:50 14:00;06:0014:00;06:00;14:00
310;16:00 19:50 20:50 00:00;16:0000:00;16:00;00:00
305;04:00 07:30 07:45 10:00;04:0010:00;04:00;10:00
3654;22:00 02:35 03:35 06:00;22:0006:00;22:00;06:00
2532;22:00 02:05 03:05 06:00;22:0006:00;22:00;06:00
2530;22:00 02:25 03:25 06:00;22:0006:00;22:00;06:00
2871;22:00 01:20 02:20 06:00;22:0006:00;22:00;06:00
2523;22:00 02:45 03:45 06:00;22:0006:00;22:00;06:00
3303;22:00 02:15 03:15 06:00;22:0006:00;22:00;06:00
3922;22:00 00:30 01:30 06:00;22:0006:00;22:00;06:00
3298;22:00 00:55 01:55 06:00;22:0006:00;22:00;06:00
845;04:00 08:25 09:25 12:00;04:0012:00;04:00;12:00
836;04:00 08:10 09:10 12:00;04:0012:00;04:00;12:00
840;04:00 06:05 07:05 12:00;04:0012:00;04:00;12:00
867;04:00 06:15 07:15 12:00;04:0012:00;04:00;12:00
910;04:00 07:15 08:15 12:00;04:0012:00;04:00;12:00
912;04:00 06:35 07:35 12:00;04:0012:00;04:00;12:00
865;04:00 07:40 08:40 12:00;04:0012:00;04:00;12:00
2707;03:00 05:20 05:35 09:00;03:0009:00;03:00;09:00
798;03:00 05:35 05:50 09:00;03:0009:00;03:00;09:00
300;03:00 06:40 06:55 09:00;03:0009:00;03:00;09:00
803;03:00 05:50 06:05 09:00;03:0009:00;03:00;09:00
184;16:00 18:30 19:30 00:00;16:0000:00;16:00;00:00
4019;12:00 13:00 14:00 18:00;12:0018:00;12:00;18:00
1792;15:00 16:48 17:03 21:00;15:0021:00;15:00;21:00
814;03:00 06:30 06:45 09:00;03:0009:00;03:00;09:00
815;03:00 06:45 07:00 09:00;03:0009:00;03:00;09:00
874;03:00 06:00 06:15 09:00;03:0009:00;03:00;09:00
412;04:00 06:00 06:15 10:00;04:0010:00;04:00;10:00
429;04:00 07:15 07:30 10:00;04:0010:00;04:00;10:00
307;04:00 07:45 08:00 10:00;04:0010:00;04:00;10:00
306;04:00 07:20 07:35 10:00;04:0010:00;04:00;10:00
367;04:00 06:30 06:45 10:00;04:0010:00;04:00;10:00
2686;14:00 15:48 16:03 20:00;14:0020:00;14:00;20:00
2691;14:00 16:00 16:15 20:00;14:0020:00;14:00;20:00
2696;14:00 16:20 16:35 20:00;14:0020:00;14:00;20:00
2679;14:00 17:15 17:30 20:00;14:0020:00;14:00;20:00
2715;14:00 16:25 16:40 20:00;14:0020:00;14:00;20:00
2688;14:00 15:50 16:05 20:00;14:0020:00;14:00;20:00
2693;14:00 16:15 16:30 20:00;14:0020:00;14:00;20:00
3115;14:00 17:40 17:55 20:00;14:0020:00;14:00;20:00
2682;14:00 17:10 17:25 20:00;14:0020:00;14:00;20:00
1334;14:00 AS 20:00;14:0020:00;14:00;20:00
2680;14:00 16:55 17:10 20:00;14:0020:00;14:00;20:00
125;06:00 10:30 11:30 14:00;06:0014:00;06:00;14:00
348;04:00 06:25 06:40 10:00;04:0010:00;04:00;10:00
3653;22:00 01:00 02:00 06:00;22:0006:00;22:00;06:00
3722;22:00 01:40 02:40 06:00;22:0006:00;22:00;06:00
3302;22:00 00:50 01:50 06:00;22:0006:00;22:00;06:00
2528;22:00 01:45 02:45 06:00;22:0006:00;22:00;06:00
2531;22:00 02:50 03:50 06:00;22:0006:00;22:00;06:00
3301;22:00 00:20 01:20 06:00;22:0006:00;22:00;06:00
2170;22:00 00:35 00:50 04:00;22:0004:00;22:00;04:00
291;06:00 08:50 09:05 12:00;06:0012:00;06:00;12:00
926;06:00 07:55 08:10 12:00;06:0012:00;06:00;12:00
292;06:00 09:50 10:05 12:00;06:0012:00;06:00;12:00
861;06:00 08:10 08:25 12:00;06:0012:00;06:00;12:00
48;06:00 08:40 08:55 12:00;06:0012:00;06:00;12:00
1095;14:00 AS 20:00;14:0020:00;14:00;20:00
979;07:30 09:18 09:33 13:30;2,384375;07:30;13:30
984;07:30 09:20 09:35 13:30;2,384375;07:30;13:30
993;07:30 11:10 11:25 13:30;2,384375;07:30;13:30
997;07:30 11:00 11:15 13:30;2,384375;07:30;13:30
990;07:30 09:30 09:45 13:30;2,384375;07:30;13:30
978;07:30 10:25 10:40 13:30;2,384375;07:30;13:30
982;07:30 10:50 11:05 13:30;2,384375;07:30;13:30
4;18:00 19:50 20:05 00:00;18:0000:00;18:00;00:00
809;03:00 05:15 05:30 09:00;03:0009:00;03:00;09:00
807;03:00 06:10 06:25 09:00;03:0009:00;03:00;09:00
282;03:00 06:05 06:20 09:00;03:0009:00;03:00;09:00
841;04:00 07:25 08:25 12:00;04:0012:00;04:00;12:00
844;04:00 06:30 07:30 12:00;04:0012:00;04:00;12:00
3761;16:00 18:00 19:30 00:00;16:0000:00;16:00;00:00
4038;15:30 19:40 21:10 00:00;2,708333333;15:30;00:00
18;06:00 10:35 11:35 14:00;06:0014:00;06:00;14:00
414;06:00 09:35 10:35 14:00;06:0014:00;06:00;14:00
434;06:00 08:55 09:55 14:00;06:0014:00;06:00;14:00
226;06:00 09:20 10:20 14:00;06:0014:00;06:00;14:00
2226;05:00 07:00 08:30 13:00;05:0013:00;05:00;13:00
3927;19:00 21:24 21:39 03:00;19:0003:00;19:00;03:00
7;16:00 17:48 18:03 22:00;16:0022:00;16:00;22:00
311;16:00 19:45 20:45 00:00;16:0000:00;16:00;00:00
170;05:00 08:45 09:00 11:00;05:0011:00;05:00;11:00
168;05:00 07:10 07:25 11:00;05:0011:00;05:00;11:00
296;05:00 07:45 08:00 11:00;05:0011:00;05:00;11:00
520;05:00 08:40 08:55 11:00;05:0011:00;05:00;11:00
728;04:00 09:00 10:00 12:00;04:0012:00;04:00;12:00
723;04:00 08:50 09:50 12:00;04:0012:00;04:00;12:00
843;04:00 06:40 07:40 12:00;04:0012:00;04:00;12:00
868;04:00 06:50 07:50 12:00;04:0012:00;04:00;12:00
913;04:00 07:20 08:20 12:00;04:0012:00;04:00;12:00
2704;04:00 07:45 08:45 12:00;04:0012:00;04:00;12:00
909;04:00 07:55 08:55 12:00;04:0012:00;04:00;12:00
78;06:00 08:50 09:50 14:00;06:0014:00;06:00;14:00
1236;03:00 AS 11:00;03:0011:00;03:00;11:00
5361;06:00 10:00 11:00 14:00;06:0014:00;06:00;14:00
2870;22:00 00:25 01:25 06:00;22:0006:00;22:00;06:00
2525;22:00 03:00 04:00 06:00;22:0006:00;22:00;06:00
3297;22:00 01:15 02:15 06:00;22:0006:00;22:00;06:00
128;18:00 21:35 21:50 00:00;18:0000:00;18:00;00:00
2272;16:00 18:24 18:39 00:00;16:0000:00;16:00;00:00
789;05:00 07:55 08:55 13:00;05:0013:00;05:00;13:00
66;05:00 09:30 10:30 13:00;05:0013:00;05:00;13:00
466;05:00 07:25 08:25 13:00;05:0013:00;05:00;13:00
2134;22:00 01:25 01:40 04:00;22:0004:00;22:00;04:00
2867;22:00 01:35 02:35 06:00;22:0006:00;22:00;06:00
2864;22:00 00:15 01:15 06:00;22:0006:00;22:00;06:00
2527;22:00 00:10 01:10 06:00;22:0006:00;22:00;06:00
5537;22:00 02:00 03:00 06:00;22:0006:00;22:00;06:00
2533;22:00 02:40 03:40 06:00;22:0006:00;22:00;06:00
3921;22:00 01:05 02:05 06:00;22:0006:00;22:00;06:00
2251;06:00 09:30 11:00 14:00;06:0014:00;06:00;14:00
2088;06:00 08:30 10:00 14:00;06:0014:00;06:00;14:00
2248;06:00 09:00 10:30 14:00;06:0014:00;06:00;14:00
2097;06:00 08:35 10:05 14:00;06:0014:00;06:00;14:00
2254;06:00 08:20 09:50 14:00;06:0014:00;06:00;14:00
2249;06:00 09:35 11:05 14:00;06:0014:00;06:00;14:00
3894;05:30 10:15 11:45 14:00;2,301388889;05:30;14:00
3936;05:30 09:15 10:45 14:00;2,301388889;05:30;14:00
3938;05:30 09:40 11:10 14:00;2,301388889;05:30;14:00
2208;05:30 07:30 09:00 13:30;2,301041667;05:30;13:30
430;04:00 07:10 07:25 10:00;04:0010:00;04:00;10:00
655;16:00 20:45 21:45 00:00;16:0000:00;16:00;00:00
446;05:00 08:35 08:50 11:00;05:0011:00;05:00;11:00
171;05:00 08:10 08:25 11:00;05:0011:00;05:00;11:00
810;03:00 05:05 05:20 09:00;03:0009:00;03:00;09:00
3955;01:00 04:50 05:50 09:00;01:0009:00;01:00;09:00
3946;01:00 04:05 05:05 09:00;01:0009:00;01:00;09:00
3950;01:00 04:20 05:20 09:00;01:0009:00;01:00;09:00
1117;05:00 AS 13:00;05:0013:00;05:00;13:00
864;06:00 07:50 08:05 12:00;06:0012:00;06:00;12:00
53;06:00 08:15 08:30 12:00;06:0012:00;06:00;12:00
645;12:00 14:40 14:55 18:00;12:0018:00;12:00;18:00
1362;16:00 18:50 19:05 22:00;16:0022:00;16:00;22:00
1366;16:00 19:50 20:05 22:00;16:0022:00;16:00;22:00
13;16:00 18:45 19:00 22:00;16:0022:00;16:00;22:00
161;06:00 08:45 09:45 14:00;06:0014:00;06:00;14:00
165;06:00 10:25 11:25 14:00;06:0014:00;06:00;14:00
432;06:00 09:55 10:55 14:00;06:0014:00;06:00;14:00
406;17:00 19:55 20:10 23:00;17:0023:00;17:00;23:00
112;17:00 18:50 19:05 23:00;17:0023:00;17:00;23:00
407;17:00 19:40 19:55 23:00;17:0023:00;17:00;23:00
3300;22:00 00:40 01:40 06:00;22:0006:00;22:00;06:00
55;15:00 18:00 19:00 23:00;15:0023:00;15:00;23:00
5362;15:00 19:00 20:00 23:00;15:0023:00;15:00;23:00
1805;15:00 17:00 18:00 23:00;15:0023:00;15:00;23:00
1804;15:00 17:30 18:30 23:00;15:0023:00;15:00;23:00
1964;15:00 17:40 18:40 23:00;15:0023:00;15:00;23:00
2932;15:00 17:10 18:10 23:00;15:0023:00;15:00;23:00
141;16:00 18:15 19:15 00:00;16:0000:00;16:00;00:00
553;04:00 06:45 07:00 10:00;04:0010:00;04:00;10:00
33;04:00 07:00 07:15 10:00;04:0010:00;04:00;10:00
411;04:00 07:25 07:40 10:00;04:0010:00;04:00;10:00
368;04:00 07:40 07:55 10:00;04:0010:00;04:00;10:00
162;05:00 07:05 07:20 11:00;05:0011:00;05:00;11:00
194;05:00 08:05 08:20 11:00;05:0011:00;05:00;11:00
188;05:00 07:30 07:45 11:00;05:0011:00;05:00;11:00
963;05:00 08:00 08:15 11:00;05:0011:00;05:00;11:00
1013;08:00 AS 17:30;08:0017:30;08:00;17:30
1014;08:00 AS 17:00;08:0017:00;08:00;17:00
947;07:00 10:25 10:40 13:00;07:0013:00;07:00;13:00
3762;16:00 19:10 20:40 00:00;16:0000:00;16:00;00:00
5284;16:00 20:20 21:50 00:00;16:0000:00;16:00;00:00
3770;16:00 18:15 19:45 00:00;16:0000:00;16:00;00:00
3775;16:00 20:00 21:30 00:00;16:0000:00;16:00;00:00
3961;16:00 19:00 20:30 00:00;16:0000:00;16:00;00:00
3960;16:00 18:05 19:35 00:00;16:0000:00;16:00;00:00
4531;05:00 09:25 10:55 13:00;05:0013:00;05:00;13:00
3755;05:00 07:15 08:45 13:00;05:0013:00;05:00;13:00
5265;05:00 07:05 08:35 13:00;05:0013:00;05:00;13:00
5266;05:00 08:20 09:50 13:00;05:0013:00;05:00;13:00
378;05:00 08:10 09:40 13:00;05:0013:00;05:00;13:00
5267;05:00 08:25 09:55 13:00;05:0013:00;05:00;13:00
5268;05:00 08:45 10:15 13:00;05:0013:00;05:00;13:00
3754;05:00 07:40 09:10 13:00;05:0013:00;05:00;13:00
3970;12:00 14:20 15:50 20:00;12:0020:00;12:00;20:00
5614;15:00 17:00 18:30 23:00;15:0023:00;15:00;23:00
944;07:00 09:25 09:40 13:00;07:0013:00;07:00;13:00
344;07:00 10:40 10:55 13:00;07:0013:00;07:00;13:00
941;07:00 09:55 10:10 13:00;07:0013:00;07:00;13:00
144;07:00 09:00 09:15 13:00;07:0013:00;07:00;13:00
71;07:00 10:45 11:00 13:00;07:0013:00;07:00;13:00
940;07:00 09:10 09:25 13:00;07:0013:00;07:00;13:00
5056;14:00 16:24 16:39 22:00;14:0022:00;14:00;22:00
3282;21:00 22:48 23:03 03:00;21:0003:00;21:00;03:00
784;11:00 13:55 14:55 19:00;11:0019:00;11:00;19:00
335;21:00 23:00 00:00 05:00;21:0005:00;21:00;05:00
3028;13:00 16:55 17:10 19:00;13:0019:00;13:00;19:00
3029;13:00 15:45 16:00 19:00;13:0019:00;13:00;19:00
321;05:00 07:00 07:15 11:00;05:0011:00;05:00;11:00
518;05:00 08:55 09:10 11:00;05:0011:00;05:00;11:00
193;05:00 08:20 08:35 11:00;05:0011:00;05:00;11:00
186;05:00 07:50 08:05 11:00;05:0011:00;05:00;11:00
309;04:00 06:40 06:55 10:00;04:0010:00;04:00;10:00
346;04:00 06:50 07:05 10:00;04:0010:00;04:00;10:00
1163;20:30 AS 02:30;2,918402778;20:30;02:30
322;05:00 07:25 07:40 11:00;05:0011:00;05:00;11:00
189;05:00 08:15 08:30 11:00;05:0011:00;05:00;11:00
198;05:00 07:40 07:55 11:00;05:0011:00;05:00;11:00
2278;05:30 07:18 07:33 11:30;2,299652778;05:30;11:30
357;17:00 19:30 19:45 23:00;17:0023:00;17:00;23:00
119;17:00 19:35 19:50 23:00;17:0023:00;17:00;23:00
358;17:00 20:25 20:40 23:00;17:0023:00;17:00;23:00
373;17:00 18:55 19:10 23:00;17:0023:00;17:00;23:00
179;15:00 20:00 21:00 23:00;15:0023:00;15:00;23:00
3992;04:00 07:10 08:40 12:30;04:0012:30;04:00;12:30
3987;04:00 06:15 07:45 12:30;04:0012:30;04:00;12:30
3990;04:00 06:50 08:20 12:30;04:0012:30;04:00;12:30
4001;04:00 08:00 09:30 12:30;04:0012:30;04:00;12:30
5285;04:00 08:35 10:05 12:30;04:0012:30;04:00;12:30
5286;04:00 08:45 10:15 12:30;04:0012:30;04:00;12:30
3998;04:00 06:20 07:50 12:30;04:0012:30;04:00;12:30
3991;04:00 07:30 09:00 12:30;04:0012:30;04:00;12:30
3999;04:00 08:20 09:50 12:30;04:0012:30;04:00;12:30
3988;04:00 06:35 08:05 12:30;04:0012:30;04:00;12:30
5287;04:00 06:25 07:55 12:30;04:0012:30;04:00;12:30
5288;04:00 07:00 08:30 12:30;04:0012:30;04:00;12:30
59;05:00 11:00;05:0011:00;05:00;11:00
668;05:00 08:20 08:35 11:00;05:0011:00;05:00;11:00
683;05:00 08:10 08:25 11:00;05:0011:00;05:00;11:00
196;05:00 06:50 07:05 11:00;05:0011:00;05:00;11:00
187;05:00 07:35 07:50 11:00;05:0011:00;05:00;11:00
563;05:00 08:30 09:30 13:00;05:0013:00;05:00;13:00
467;05:00 08:35 09:35 13:00;05:0013:00;05:00;13:00
64;05:00 09:35 10:35 13:00;05:0013:00;05:00;13:00
582;05:00 09:05 10:05 13:00;05:0013:00;05:00;13:00
788;05:00 08:15 09:15 13:00;05:0013:00;05:00;13:00
2952;05:00 07:50 08:50 13:00;05:0013:00;05:00;13:00
386;05:00 08:25 09:25 13:00;05:0013:00;05:00;13:00
797;05:00 09:25 10:25 13:00;05:0013:00;05:00;13:00
1157;12:00 AS 20:00;12:0020:00;12:00;20:00
1165;18:00 AS 02:00;18:0002:00;18:00;02:00
2295;10:00 14:40 15:40 18:00;10:0018:00;10:00;18:00
329;10:00 13:00 14:00 18:00;10:0018:00;10:00;18:00
2754;10:00 14:35 15:35 18:00;10:0018:00;10:00;18:00
326;10:00 13:15 14:15 18:00;10:0018:00;10:00;18:00
330;10:00 12:50 13:50 18:00;10:0018:00;10:00;18:00
2298;10:00 14:50 15:50 18:00;10:0018:00;10:00;18:00
2296;10:00 14:45 15:45 18:00;10:0018:00;10:00;18:00
388;05:00 07:20 08:20 13:00;05:0013:00;05:00;13:00
390;05:00 08:00 09:00 13:00;05:0013:00;05:00;13:00
242;06:00 09:45 10:45 14:00;06:0014:00;06:00;14:00
72;07:00 10:55 11:10 13:00;07:0013:00;07:00;13:00
4092;12:00 14:15 15:45 20:30;12:0020:30;12:00;20:30
1121;15:00 AS 20:00;15:0020:00;15:00;20:00
339;21:00 01:15 02:15 05:00;21:0005:00;21:00;05:00
422;21:00 00:10 01:10 05:00;21:0005:00;21:00;05:00
2239;21:00 00:00 01:00 05:00;21:0005:00;21:00;05:00
2218;21:00 01:50 02:50 05:00;21:0005:00;21:00;05:00
2224;21:00 23:30 00:30 05:00;21:0005:00;21:00;05:00
2242;21:00 23:05 00:05 05:00;21:0005:00;21:00;05:00
423;21:00 00:30 01:30 05:00;21:0005:00;21:00;05:00
4006;11:00 13:00 14:30 19:00;11:0019:00;11:00;19:00
4017;11:00 13:10 14:40 19:00;11:0019:00;11:00;19:00
4018;11:00 15:10 16:40 19:00;11:0019:00;11:00;19:00
5293;11:00 13:15 14:45 19:00;11:0019:00;11:00;19:00
4007;11:00 15:00 16:30 19:00;11:0019:00;11:00;19:00
5294;11:00 14:05 15:35 19:00;11:0019:00;11:00;19:00
5295;11:00 14:45 16:15 19:00;11:0019:00;11:00;19:00
5296;11:00 14:20 15:50 19:00;11:0019:00;11:00;19:00
4015;11:00 13:25 14:55 19:00;11:0019:00;11:00;19:00
1877;18:00 19:00 20:00 00:00;18:0000:00;18:00;00:00
117;05:00 08:55 09:55 13:00;05:0013:00;05:00;13:00
106;05:00 08:40 09:40 13:00;05:0013:00;05:00;13:00
5299;15:30 17:45 18:45 00:00;2,708333333;15:30;00:00
3331;18:00 20:00 21:00 02:00;18:0002:00;18:00;02:00
5277;05:30 07:45 08:45 14:00;2,301388889;05:30;14:00
1097;15:00 AS 21:00;15:0021:00;15:00;21:00
1078;07:00 AS 13:00;07:0013:00;07:00;13:00
145;07:00 10:10 10:25 13:00;07:0013:00;07:00;13:00
417;07:00 09:15 09:30 13:00;07:0013:00;07:00;13:00
68;07:00 09:30 09:45 13:00;07:0013:00;07:00;13:00
805;03:00 05:10 05:25 09:00;03:0009:00;03:00;09:00
3024;13:00 14:48 15:03 19:00;13:0019:00;13:00;19:00
342;07:00 09:20 09:35 13:00;07:0013:00;07:00;13:00
16;06:00 10:15 11:15 14:00;06:0014:00;06:00;14:00
794;11:00 14:25 15:25 19:00;11:0019:00;11:00;19:00
217;11:00 14:40 15:40 19:00;11:0019:00;11:00;19:00
219;11:00 14:55 15:55 19:00;11:0019:00;11:00;19:00
639;11:00 14:20 15:20 19:00;11:0019:00;11:00;19:00
785;11:00 13:35 14:35 19:00;11:0019:00;11:00;19:00
675;11:00 13:30 14:30 19:00;11:0019:00;11:00;19:00
638;11:00 14:15 15:15 19:00;11:0019:00;11:00;19:00
118;06:00 08:15 09:45 14:30;06:0014:30;06:00;14:30
4100;06:00 09:05 10:35 14:30;06:0014:30;06:00;14:30
2061;06:00 09:20 10:50 14:30;06:0014:30;06:00;14:30
212;06:00 09:15 10:45 14:30;06:0014:30;06:00;14:30
2064;06:00 10:15 11:45 14:30;06:0014:30;06:00;14:30
215;06:00 09:10 10:40 14:30;06:0014:30;06:00;14:30
123;06:00 10:30 12:00 14:30;06:0014:30;06:00;14:30
503;11:00 15:40 16:40 19:00;11:0019:00;11:00;19:00
699;11:00 15:25 16:25 19:00;11:0019:00;11:00;19:00
674;11:00 14:45 15:45 19:00;11:0019:00;11:00;19:00
637;11:00 13:10 14:10 19:00;11:0019:00;11:00;19:00
673;11:00 15:35 16:35 19:00;11:0019:00;11:00;19:00
721;05:00 07:45 08:45 13:00;05:0013:00;05:00;13:00
626;05:00 08:10 09:10 13:00;05:0013:00;05:00;13:00
3965;16:00 18:20 19:50 00:00;16:0000:00;16:00;00:00
3764;16:00 19:55 21:25 00:00;16:0000:00;16:00;00:00
3760;16:00 18:25 19:55 00:00;16:0000:00;16:00;00:00
3963;16:00 18:50 20:20 00:00;16:0000:00;16:00;00:00
3777;16:00 18:55 20:25 00:00;16:0000:00;16:00;00:00
5272;16:00 18:40 20:10 00:00;16:0000:00;16:00;00:00
3773;16:00 19:35 21:05 00:00;16:0000:00;16:00;00:00
3766;16:00 20:25 21:55 00:00;16:0000:00;16:00;00:00
2067;06:00 09:05 10:35 14:00;06:0014:00;06:00;14:00
2089;06:00 09:10 10:40 14:00;06:0014:00;06:00;14:00
2245;06:00 08:15 09:45 14:00;06:0014:00;06:00;14:00
2250;06:00 09:25 10:55 14:00;06:0014:00;06:00;14:00
1351;14:00 18:50 19:50 22:00;14:0022:00;14:00;22:00
1346;14:00 18:20 19:20 22:00;14:0022:00;14:00;22:00
1778;14:00 19:00 20:00 22:00;14:0022:00;14:00;22:00
1818;14:00 17:30 18:30 22:00;14:0022:00;14:00;22:00
1356;14:00 16:10 17:10 22:00;14:0022:00;14:00;22:00
2999;14:00 17:25 18:25 22:00;14:0022:00;14:00;22:00
1340;14:00 16:45 17:45 22:00;14:0022:00;14:00;22:00
1780;14:00 17:45 18:45 22:00;14:0022:00;14:00;22:00
1352;14:00 17:35 18:35 22:00;14:0022:00;14:00;22:00
1782;14:00 16:05 17:05 22:00;14:0022:00;14:00;22:00
1784;14:00 18:35 19:35 22:00;14:0022:00;14:00;22:00
327;10:00 12:35 13:35 18:00;10:0018:00;10:00;18:00
529;10:00 12:15 13:15 18:00;10:0018:00;10:00;18:00
575;10:00 12:10 13:10 18:00;10:0018:00;10:00;18:00
2276;15:00 18:55 19:55 23:00;15:0023:00;15:00;23:00
54;15:00 18:40 19:40 23:00;15:0023:00;15:00;23:00
643;15:00 18:10 19:10 23:00;15:0023:00;15:00;23:00
644;15:00 17:05 18:05 23:00;15:0023:00;15:00;23:00
1807;15:00 19:05 20:05 23:00;15:0023:00;15:00;23:00
2277;15:00 19:35 20:35 23:00;15:0023:00;15:00;23:00
2929;15:00 19:30 20:30 23:00;15:0023:00;15:00;23:00
3638;08:00 10:30 11:30 17:00;08:0017:00;08:00;17:00
3782;06:00 10:05 11:35 14:00;06:0014:00;06:00;14:00
20;06:00 09:50 10:50 14:00;06:0014:00;06:00;14:00
167;06:00 08:35 09:35 14:00;06:0014:00;06:00;14:00
623;06:00 08:25 09:25 14:00;06:0014:00;06:00;14:00
17;06:00 08:30 09:30 14:00;06:0014:00;06:00;14:00
433;06:00 09:15 10:15 14:00;06:0014:00;06:00;14:00
4104;23:30 00:50 01:50 05:30;3,045486111;23:30;05:30
4105;23:30 02:40 03:40 05:30;3,045486111;23:30;05:30
4107;23:30 02:45 03:45 05:30;3,045486111;23:30;05:30
5366;00:00 02:12 03:12 08:24;00:0008:24;00:00;08:24
4025;12:00 13:20 14:20 18:00;12:0018:00;12:00;18:00
3593;12:00 16:00 17:00 18:00;12:0018:00;12:00;18:00
2070;12:00 13:40 14:40 18:00;12:0018:00;12:00;18:00
3582;12:00 14:45 15:45 18:00;12:0018:00;12:00;18:00
5300;12:00 15:50 16:50 18:00;12:0018:00;12:00;18:00
4024;12:00 14:15 15:15 18:00;12:0018:00;12:00;18:00
2300;12:00 15:45 16:45 18:00;12:0018:00;12:00;18:00
5301;12:00 15:20 16:20 18:00;12:0018:00;12:00;18:00
4022;12:00 15:10 16:10 18:00;12:0018:00;12:00;18:00
5302;12:00 15:30 16:30 18:00;12:0018:00;12:00;18:00
3590;12:00 13:30 14:30 18:00;12:0018:00;12:00;18:00
2073;12:00 15:35 16:35 18:00;12:0018:00;12:00;18:00
4020;12:00 13:35 14:35 18:00;12:0018:00;12:00;18:00
4023;12:00 15:25 16:25 18:00;12:0018:00;12:00;18:00
1926;11:00 13:00 13:15 17:00;11:0017:00;11:00;17:00
924;08:00 09:50 10:05 14:00;08:0014:00;08:00;14:00
343;07:00 10:50 11:05 13:00;07:0013:00;07:00;13:00
945;07:00 08:50 09:05 13:00;07:0013:00;07:00;13:00
345;07:00 10:20 10:35 13:00;07:0013:00;07:00;13:00
418;07:00 09:50 10:05 13:00;07:0013:00;07:00;13:00
3346;23:00 01:00 02:00 07:00;23:0007:00;23:00;07:00
4033;23:00 02:20 03:20 07:00;23:0007:00;23:00;07:00
4031;23:00 02:25 03:25 07:00;23:0007:00;23:00;07:00
4028;23:00 02:05 03:05 07:00;23:0007:00;23:00;07:00
4027;23:00 01:45 02:45 07:00;23:0007:00;23:00;07:00
4030;23:00 03:45 04:45 07:00;23:0007:00;23:00;07:00
4035;23:00 01:35 02:35 07:00;23:0007:00;23:00;07:00
3359;23:00 02:30 03:30 07:00;23:0007:00;23:00;07:00
3702;23:00 01:10 02:10 07:00;23:0007:00;23:00;07:00
3343;23:00 03:40 04:40 07:00;23:0007:00;23:00;07:00
1995;08:00 10:35 11:35 16:00;08:0016:00;08:00;16:00
3057;08:00 11:30 12:30 16:00;08:0016:00;08:00;16:00
2107;10:00 13:35 14:35 18:00;10:0018:00;10:00;18:00
2938;10:00 12:45 13:45 18:00;10:0018:00;10:00;18:00
2939;10:00 13:25 14:25 18:00;10:0018:00;10:00;18:00
331;10:00 13:20 14:20 18:00;10:0018:00;10:00;18:00
571;10:00 13:40 14:40 18:00;10:0018:00;10:00;18:00
5427;10:00 14:00 15:00 18:00;10:0018:00;10:00;18:00
4428;22:00 23:00 00:00 04:00;22:0004:00;22:00;04:00
5747;23:00 00:00 01:00 05:00;23:0005:00;23:00;05:00
30;04:00 06:15 06:30 10:00;04:0010:00;04:00;10:00
365;04:00 07:35 07:50 10:00;04:0010:00;04:00;10:00
1331;08:00 AS 14:00;08:0014:00;08:00;14:00
3398;10:00 13:30 14:30 18:00;10:0018:00;10:00;18:00
1015;08:30 AS 18:00;2,429166667;08:30;18:00
1016;08:30 AS 17:30;2,428819444;08:30;17:30
1030;10:00 AS 19:30;10:0019:30;10:00;19:30
2284;16:00 00:00;16:0000:00;16:00;00:00
323;05:00 07:55 08:10 11:00;05:0011:00;05:00;11:00
195;05:00 08:50 09:05 11:00;05:0011:00;05:00;11:00
320;05:00 06:55 07:10 11:00;05:0011:00;05:00;11:00
554;04:00 07:50 08:05 10:00;04:0010:00;04:00;10:00
1104;18:00 AS 00:00;18:0000:00;18:00;00:00
389;05:00 09:10 10:10 13:00;05:0013:00;05:00;13:00
929;06:30 08:30 09:30 14:30;2,343402778;06:30;14:30
1196;16:00 AS 22:00;16:0022:00;16:00;22:00
686;16:00 17:50 18:05 22:00;16:0022:00;16:00;22:00
56;16:00 18:35 18:50 22:00;16:0022:00;16:00;22:00
765;16:00 19:30 19:45 22:00;16:0022:00;16:00;22:00
1772;16:00 19:40 19:55 22:00;16:0022:00;16:00;22:00
90;16:00 18:30 18:45 22:00;16:0022:00;16:00;22:00
87;16:00 18:00 18:15 22:00;16:0022:00;16:00;22:00
376;06:00 08:25 08:40 12:00;06:0012:00;06:00;12:00
730;11:00 13:35 13:50 17:00;11:0017:00;11:00;17:00
1924;11:00 13:45 14:00 17:00;11:0017:00;11:00;17:00
1971;11:00 14:05 14:20 17:00;11:0017:00;11:00;17:00
1930;11:00 13:50 14:05 17:00;11:0017:00;11:00;17:00
1973;11:00 13:10 13:25 17:00;11:0017:00;11:00;17:00
732;11:00 14:15 14:30 17:00;11:0017:00;11:00;17:00
1929;11:00 14:40 14:55 17:00;11:0017:00;11:00;17:00
437;09:00 11:00 12:00 17:00;09:0017:00;09:00;17:00
3212;09:00 14:00 15:00 17:00;09:0017:00;09:00;17:00
4433;09:00 13:05 14:05 17:00;09:0017:00;09:00;17:00
2949;09:00 12:00 13:00 17:00;09:0017:00;09:00;17:00
438;09:00 13:20 14:20 17:00;09:0017:00;09:00;17:00
1343;14:00 17:40 18:40 22:00;14:0022:00;14:00;22:00
1354;14:00 18:40 19:40 22:00;14:0022:00;14:00;22:00
1051;20:00 AS 00:00;20:0000:00;20:00;00:00
2274;11:00 15:20 16:20 19:00;11:0019:00;11:00;19:00
697;11:00 14:35 15:35 19:00;11:0019:00;11:00;19:00
506;11:00 15:45 16:45 19:00;11:0019:00;11:00;19:00
502;11:00 15:10 16:10 19:00;11:0019:00;11:00;19:00
221;11:00 13:20 14:20 19:00;11:0019:00;11:00;19:00
2273;11:00 13:40 13:55 17:00;11:0017:00;11:00;17:00
1974;11:00 14:55 15:10 17:00;11:0017:00;11:00;17:00
1928;11:00 14:10 14:25 17:00;11:0017:00;11:00;17:00
1972;11:00 14:35 14:50 17:00;11:0017:00;11:00;17:00
1347;14:00 18:30 19:30 22:00;14:0022:00;14:00;22:00
1358;14:00 18:15 19:15 22:00;14:0022:00;14:00;22:00
1776;14:00 18:05 19:05 22:00;14:0022:00;14:00;22:00
1816;14:00 18:55 19:55 22:00;14:0022:00;14:00;22:00
2569;14:00 16:20 17:20 22:00;14:0022:00;14:00;22:00
2998;14:00 16:25 17:25 22:00;14:0022:00;14:00;22:00
852;07:00 09:30 10:30 15:00;07:0015:00;07:00;15:00
782;07:00 11:25 12:25 15:00;07:0015:00;07:00;15:00
252;07:00 10:05 11:05 15:00;07:0015:00;07:00;15:00
778;07:00 09:15 10:15 15:00;07:0015:00;07:00;15:00
919;07:00 11:50 12:50 15:00;07:0015:00;07:00;15:00
854;07:00 10:00 11:00 15:00;07:0015:00;07:00;15:00
791;07:00 10:25 11:25 15:00;07:0015:00;07:00;15:00
920;07:00 11:30 12:30 15:00;07:0015:00;07:00;15:00
47;16:00 19:25 19:40 22:00;16:0022:00;16:00;22:00
85;16:00 19:45 20:00 22:00;16:0022:00;16:00;22:00
1286;16:00 19:45 20:00 22:00;16:0022:00;16:00;22:00
6;16:00 19:55 20:10 22:00;16:0022:00;16:00;22:00
1359;16:00 18:15 18:30 22:00;16:0022:00;16:00;22:00
1360;16:00 19:25 19:40 22:00;16:0022:00;16:00;22:00
82;16:00 18:10 18:25 22:00;16:0022:00;16:00;22:00
62;16:00 18:05 18:20 22:00;16:0022:00;16:00;22:00
1073;06:00 AS 12:00;06:0012:00;06:00;12:00
470;06:00 08:30 08:45 12:00;06:0012:00;06:00;12:00
2261;05:30 09:05 10:05 13:30;2,301041667;05:30;13:30
549;05:30 08:25 09:25 13:30;2,301041667;05:30;13:30
2314;05:30 08:10 09:10 13:30;2,301041667;05:30;13:30
4108;05:30 09:35 10:35 13:30;2,301041667;05:30;13:30
2263;05:30 09:20 10:20 13:30;2,301041667;05:30;13:30
2266;05:30 09:40 10:40 13:30;2,301041667;05:30;13:30
569;05:30 09:50 10:50 13:30;2,301041667;05:30;13:30
692;05:30 08:15 09:15 13:30;2,301041667;05:30;13:30
2411;10:00 13:55 14:55 18:00;10:0018:00;10:00;18:00
531;10:00 14:05 15:05 18:00;10:0018:00;10:00;18:00
2120;00:00 01:00 02:00 06:00;00:0006:00;00:00;06:00
3784;00:00 03:00 04:00 06:00;00:0006:00;00:00;06:00
3785;00:00 04:00 05:00 06:00;00:0006:00;00:00;06:00
3929;00:00 01:30 02:30 06:00;00:0006:00;00:00;06:00
3783;00:00 02:00 03:00 06:00;00:0006:00;00:00;06:00
2184;22:00 01:20 01:35 04:00;22:0004:00;22:00;04:00
849;07:00 11:10 12:10 15:00;07:0015:00;07:00;15:00
847;07:00 09:20 10:20 15:00;07:0015:00;07:00;15:00
790;07:00 11:20 12:20 15:00;07:0015:00;07:00;15:00
851;07:00 09:10 10:10 15:00;07:0015:00;07:00;15:00
228;06:00 10:45 11:45 14:00;06:0014:00;06:00;14:00
763;16:00 18:55 19:10 22:00;16:0022:00;16:00;22:00
1326;16:00 19:05 19:20 22:00;16:0022:00;16:00;22:00
4516;22:30 01:45 02:00 04:30;3,003125;22:30;04:30
5439;12:00 18:00;12:0018:00;12:00;18:00
821;02:00 03:48 04:03 08:00;02:0008:00;02:00;08:00
353;06:00 09:00 09:15 12:00;06:0012:00;06:00;12:00
1288;16:00 17:55 18:10 22:00;16:0022:00;16:00;22:00
685;16:00 19:10 19:25 22:00;16:0022:00;16:00;22:00
837;04:00 07:00 08:00 12:00;04:0012:00;04:00;12:00
5440;04:00 08:00 09:00 12:00;04:0012:00;04:00;12:00
1920;11:00 14:25 14:40 17:00;11:0017:00;11:00;17:00
1923;11:00 13:20 13:35 17:00;11:0017:00;11:00;17:00
1041;06:00 AS 10:00;06:0010:00;06:00;10:00
127;06:00 09:40 10:40 14:00;06:0014:00;06:00;14:00
3469;05:00 06:00 07:00 11:00;05:0011:00;05:00;11:00
795;11:00 13:50 14:50 19:00;11:0019:00;11:00;19:00
671;11:00 14:50 15:50 19:00;11:0019:00;11:00;19:00
2654;10:00 13:10 13:25 16:00;10:0016:00;10:00;16:00
2652;10:00 12:30 12:45 16:00;10:0016:00;10:00;16:00
2646;10:00 13:40 13:55 16:00;10:0016:00;10:00;16:00
2648;10:00 13:05 13:20 16:00;10:0016:00;10:00;16:00
2706;10:00 12:45 13:00 16:00;10:0016:00;10:00;16:00
2643;10:00 13:25 13:40 16:00;10:0016:00;10:00;16:00
2737;08:30 10:18 10:33 14:30;2,426736111;08:30;14:30
3788;08:30 11:50 12:05 14:30;2,426736111;08:30;14:30
3514;08:30 11:40 11:55 14:30;2,426736111;08:30;14:30
3786;08:30 11:45 12:00 14:30;2,426736111;08:30;14:30
4408;08:30 11:00 11:15 14:30;2,426736111;08:30;14:30
2742;08:30 10:20 10:35 14:30;2,426736111;08:30;14:30
2736;08:30 11:10 11:25 14:30;2,426736111;08:30;14:30
2744;08:30 12:05 12:20 14:30;2,426736111;08:30;14:30
3513;08:30 12:20 12:35 14:30;2,426736111;08:30;14:30
3245;18:30 20:18 20:33 00:30;2,833680556;18:30;00:30
3807;14:00 15:25 16:25 20:00;14:0020:00;14:00;20:00
3802;14:00 15:15 16:15 20:00;14:0020:00;14:00;20:00
3808;14:00 16:00 17:00 20:00;14:0020:00;14:00;20:00
3809;14:00 17:50 18:50 20:00;14:0020:00;14:00;20:00
3127;15:00 16:00 17:00 21:00;15:0021:00;15:00;21:00
2896;23:00 00:48 01:03 05:00;23:0005:00;23:00;05:00
2087;11:00 13:40 14:40 19:00;11:0019:00;11:00;19:00
698;11:00 14:30 15:30 19:00;11:0019:00;11:00;19:00
2764;08:00 10:42 10:57 17:00;08:0017:00;08:00;17:00
4502;07:00 09:30 10:30 16:00;07:0016:00;07:00;16:00
2779;00:00 03:10 03:25 06:00;00:0006:00;00:00;06:00
2769;00:00 03:20 03:35 06:00;00:0006:00;00:00;06:00
2773;00:00 03:00 03:15 06:00;00:0006:00;00:00;06:00
2782;00:00 02:05 02:20 06:00;00:0006:00;00:00;06:00
2771;00:00 03:35 03:50 06:00;00:0006:00;00:00;06:00
2407;05:00 08:05 09:05 13:00;05:0013:00;05:00;13:00
624;05:00 07:10 08:10 13:00;05:0013:00;05:00;13:00
842;04:00 08:55 09:55 12:00;04:0012:00;04:00;12:00
916;04:00 07:35 08:35 12:00;04:0012:00;04:00;12:00
5389;10:00 13:00 13:15 16:00;10:0016:00;10:00;16:00
2656;10:00 12:35 12:50 16:00;10:0016:00;10:00;16:00
2708;10:00 12:05 12:20 16:00;10:0016:00;10:00;16:00
2705;10:00 12:15 12:30 16:00;10:0016:00;10:00;16:00
2645;10:00 12:20 12:35 16:00;10:0016:00;10:00;16:00
726;04:00 08:45 09:45 12:00;04:0012:00;04:00;12:00
835;04:00 06:45 07:45 12:00;04:0012:00;04:00;12:00
869;04:00 07:05 08:05 12:00;04:0012:00;04:00;12:00
501;11:00 13:45 14:45 19:00;11:0019:00;11:00;19:00
786;11:00 13:25 14:25 19:00;11:0019:00;11:00;19:00
2275;11:00 13:05 14:05 19:00;11:0019:00;11:00;19:00
1363;16:00 19:55 20:10 22:00;16:0022:00;16:00;22:00
1365;16:00 18:00 18:15 22:00;16:0022:00;16:00;22:00
1368;16:00 17:48 18:03 22:00;16:0022:00;16:00;22:00
1272;16:00 18:10 18:25 22:00;16:0022:00;16:00;22:00
1162;18:30 AS 00:30;2,833680556;18:30;00:30
917;05:00 08:20 09:20 13:00;05:0013:00;05:00;13:00
504;11:00 15:05 16:05 19:00;11:0019:00;11:00;19:00
642;15:00 18:20 19:20 23:00;15:0023:00;15:00;23:00
181;15:00 18:45 19:45 23:00;15:0023:00;15:00;23:00
1806;15:00 18:25 19:25 23:00;15:0023:00;15:00;23:00
5377;07:00 11:00;07:0011:00;07:00;11:00
2370;16:00 19:55 20:25 00:00;16:0000:00;16:00;00:00
2288;16:00 18:40 19:10 00:00;16:0000:00;16:00;00:00
2338;16:00 19:10 19:40 00:00;16:0000:00;16:00;00:00
5581;16:00 17:55 18:25 00:00;16:0000:00;16:00;00:00
2289;16:00 19:05 19:35 00:00;16:0000:00;16:00;00:00
5582;16:00 20:40 21:10 00:00;16:0000:00;16:00;00:00
5583;16:00 20:00 20:30 00:00;16:0000:00;16:00;00:00
2291;16:00 19:45 20:15 00:00;16:0000:00;16:00;00:00
1058;05:00 AS 09:00;05:0009:00;05:00;09:00
1047;18:00 AS 22:00;18:0022:00;18:00;22:00
801;03:00 05:30 05:45 09:00;03:0009:00;03:00;09:00
3363;10:00 13:10 14:10 18:00;10:0018:00;10:00;18:00
2409;10:00 13:45 14:45 18:00;10:0018:00;10:00;18:00
1055;00:00 AS 04:00;00:0004:00;00:00;04:00
5374;00:00 04:00;00:0004:00;00:00;04:00
324;05:00 07:20 07:35 11:00;05:0011:00;05:00;11:00
445;05:00 07:15 07:30 11:00;05:0011:00;05:00;11:00
1085;05:30 AS 11:30;2,299652778;05:30;11:30
2303;05:00 09:35 10:05 13:00;05:0013:00;05:00;13:00
25;06:00 10:00;06:0010:00;06:00;10:00
2418;05:00 08:25 08:55 13:00;05:0013:00;05:00;13:00
2108;20:00 21:12 21:27 00:00;20:0000:00;20:00;00:00
5814;12:00 14:24 14:39 20:00;12:0020:00;12:00;20:00
4427;17:00 18:00 19:00 23:00;17:0023:00;17:00;23:00
1258;20:00 AS 01:00;20:0001:00;20:00;01:00
733;11:00 13:55 14:10 17:00;11:0017:00;11:00;17:00
1967;11:00 14:20 14:35 17:00;11:0017:00;11:00;17:00
1919;11:00 12:50 13:05 17:00;11:0017:00;11:00;17:00
1927;11:00 13:05 13:20 17:00;11:0017:00;11:00;17:00
505;11:00 14:10 15:10 19:00;11:0019:00;11:00;19:00
216;11:00 15:55 16:55 19:00;11:0019:00;11:00;19:00
5365;11:00 15:00 16:00 19:00;11:0019:00;11:00;19:00
3042;18:00 20:45 21:45 02:00;18:0002:00;18:00;02:00
3046;18:00 20:55 21:55 02:00;18:0002:00;18:00;02:00
3394;18:00 20:10 21:10 02:00;18:0002:00;18:00;02:00
672;11:00 15:30 16:30 19:00;11:0019:00;11:00;19:00
796;11:00 15:50 16:50 19:00;11:0019:00;11:00;19:00
640;11:00 14:05 15:05 19:00;11:0019:00;11:00;19:00
3752;05:00 08:45 09:45 11:00;05:0011:00;05:00;11:00
5263;05:00 06:50 07:50 11:00;05:0011:00;05:00;11:00
3477;05:00 07:40 08:40 11:00;05:0011:00;05:00;11:00
3742;05:00 08:00 09:00 11:00;05:0011:00;05:00;11:00
3747;05:00 09:00 10:00 11:00;05:0011:00;05:00;11:00
4921;05:00 07:35 08:35 11:00;05:0011:00;05:00;11:00
5264;05:00 08:25 09:25 11:00;05:0011:00;05:00;11:00
5071;09:00 10:00 11:00 15:00;09:0015:00;09:00;15:00
3250;08:00 09:00 10:00 14:00;08:0014:00;08:00;14:00
1017;09:00 AS 18:30;09:0018:30;09:00;18:30
1018;09:00 AS 18:00;09:0018:00;09:00;18:00
4127;16:00 20:40 20:55 00:00;16:0000:00;16:00;00:00
1063;10:00 AS 14:00;10:0014:00;10:00;14:00
2412;10:00 13:50 14:50 18:00;10:0018:00;10:00;18:00
866;04:00 07:10 08:10 12:00;04:0012:00;04:00;12:00
2386;04:30 07:00 07:15 10:30;2,257291667;04:30;10:30
737;04:30 07:45 08:00 10:30;2,257291667;04:30;10:30
734;04:30 08:25 08:40 10:30;2,257291667;04:30;10:30
1042;07:00 AS 11:00;07:0011:00;07:00;11:00
1043;16:00 AS 20:00;16:0020:00;16:00;20:00
3136;19:00 21:00 22:00 03:00;19:0003:00;19:00;03:00
5400;15:00 19:00;15:0019:00;15:00;19:00
1070;15:00 AS 19:00;15:0019:00;15:00;19:00
1337;14:00 16:15 17:15 22:00;14:0022:00;14:00;22:00
1786;14:00 17:20 18:20 22:00;14:0022:00;14:00;22:00
1345;14:00 16:35 17:35 22:00;14:0022:00;14:00;22:00
1339;14:00 16:55 17:55 22:00;14:0022:00;14:00;22:00
1120;09:00 AS 18:30;09:0018:30;09:00;18:30
2518;04:00 08:30 09:30 12:00;04:0012:00;04:00;12:00
727;04:00 08:35 09:35 12:00;04:0012:00;04:00;12:00
3812;12:00 13:12 13:27 16:00;12:0016:00;12:00;16:00
3811;12:00 13:30 13:45 16:00;12:0016:00;12:00;16:00
2324;12:00 13:25 13:40 16:00;12:0016:00;12:00;16:00
4840;12:00 14:00 14:15 16:00;12:0016:00;12:00;16:00
2317;12:00 13:15 13:30 16:00;12:0016:00;12:00;16:00
2325;12:00 13:50 14:05 16:00;12:0016:00;12:00;16:00
706;12:00 13:55 14:10 16:00;12:0016:00;12:00;16:00
2322;12:00 13:20 13:35 16:00;12:0016:00;12:00;16:00
705;12:00 14:25 14:40 16:00;12:0016:00;12:00;16:00
2323;12:00 14:30 14:45 16:00;12:0016:00;12:00;16:00
2318;12:00 14:15 14:30 16:00;12:0016:00;12:00;16:00
4614;19:00 20:12 20:27 23:00;19:0023:00;19:00;23:00
1199;13:00 15:00 16:00 21:00;13:0021:00;13:00;21:00
1049;19:00 AS 23:00;19:0023:00;19:00;23:00
1968;11:00 13:30 13:45 17:00;11:0017:00;11:00;17:00
1925;11:00 13:25 13:40 17:00;11:0017:00;11:00;17:00
2126;11:00 14:00 14:15 17:00;11:0017:00;11:00;17:00
4845;11:30 14:55 15:55 19:30;2,555208333;11:30;19:30
4846;11:30 14:00 15:00 19:30;2,555208333;11:30;19:30
4132;16:00 18:05 18:35 00:00;16:0000:00;16:00;00:00
4584;17:00 18:12 18:27 21:00;17:0021:00;17:00;21:00
4150;11:00 15:45 16:00 19:00;11:0019:00;11:00;19:00
1076;23:00 AS 05:00;23:0005:00;23:00;05:00
5540;19:00 19:00 20:00 23:00;19:0023:00;19:00;23:00
1113;10:30 AS 16:30;2,511458333;10:30;16:30
3202;08:00 10:15 10:30 14:00;08:0014:00;08:00;14:00
1867;20:00 21:48 22:03 02:00;20:0002:00;20:00;02:00
1001;08:00 AS 12:00;08:0012:00;08:00;12:00
4839;11:00 12:00 13:00 17:00;11:0017:00;11:00;17:00
729;11:00 14:30 14:45 17:00;11:0017:00;11:00;17:00
1970;11:00 14:45 15:00 17:00;11:0017:00;11:00;17:00
102;05:00 13:00;05:0013:00;05:00;13:00
604;06:00 08:10 09:10 14:00;06:0014:00;06:00;14:00
5380;14:00 18:00;14:0018:00;14:00;18:00
5351;16:00 20:00;16:0020:00;16:00;20:00
5357;07:00 10:00 10:15 13:00;07:0013:00;07:00;13:00
946;07:00 08:55 09:10 13:00;07:0013:00;07:00;13:00
1969;11:00 14:50 15:05 17:00;11:0017:00;11:00;17:00
5041;05:00 05:00 06:00 09:00;05:0009:00;05:00;09:00
677;11:00 13:15 14:15 19:00;11:0019:00;11:00;19:00
5591;11:00 13:35 14:35 17:00;11:0017:00;11:00;17:00
5592;11:00 13:30 14:30 17:00;11:0017:00;11:00;17:00
5593;11:00 14:50 15:50 17:00;11:0017:00;11:00;17:00
5594;11:00 14:45 15:45 17:00;11:0017:00;11:00;17:00
5595;11:00 14:10 15:10 17:00;11:0017:00;11:00;17:00
5596;11:00 14:30 15:30 17:00;11:0017:00;11:00;17:00
5597;11:00 13:40 14:40 17:00;11:0017:00;11:00;17:00
731;11:00 13:15 13:30 17:00;11:0017:00;11:00;17:00
4155;05:00 10:05 10:35 13:00;05:0013:00;05:00;13:00
5859;03:00 04:00 05:00 09:00;03:0009:00;03:00;09:00
2377;14:00 15:12 15:27 18:00;14:0018:00;14:00;18:00
1067;12:00 AS 16:00;12:0016:00;12:00;16:00
2427;05:00 09:45 10:00 13:00;05:0013:00;05:00;13:00
2434;05:00 09:20 09:35 13:00;05:0013:00;05:00;13:00
648;05:00 09:55 10:10 13:00;05:0013:00;05:00;13:00
2424;05:00 07:24 07:39 13:00;05:0013:00;05:00;13:00
5604;05:00 08:15 08:30 13:00;05:0013:00;05:00;13:00
1081;03:00 AS 09:00;03:0009:00;03:00;09:00
5608;03:00 09:00;03:0009:00;03:00;09:00
5043;07:00 08:00 09:00 13:00;07:0013:00;07:00;13:00
2057;20:00 20:00 21:00 00:00;20:0000:00;20:00;00:00
5748;01:00 02:00 03:00 07:00;01:0007:00;01:00;07:00
1065;11:00 AS 15:00;11:0015:00;11:00;15:00
4435;08:00 10:45 11:45 17:30;08:0017:30;08:00;17:30
1061;07:30 AS 11:30;2,382986111;07:30;11:30
1178;06:30 AS 10:30;2,340625;06:30;10:30
3055;08:00 12:25 13:25 16:00;08:0016:00;08:00;16:00
3060;08:00 12:15 13:15 16:00;08:0016:00;08:00;16:00
3056;08:00 12:35 13:35 16:00;08:0016:00;08:00;16:00
1994;08:00 11:40 12:40 16:00;08:0016:00;08:00;16:00
1993;08:00 11:55 12:55 16:00;08:0016:00;08:00;16:00
1997;08:00 10:45 11:45 16:00;08:0016:00;08:00;16:00
3249;08:00 10:55 11:55 16:00;08:0016:00;08:00;16:00
2003;08:00 10:20 11:20 16:00;08:0016:00;08:00;16:00
3247;08:00 11:25 12:25 16:00;08:0016:00;08:00;16:00
3064;08:00 10:15 11:15 16:00;08:0016:00;08:00;16:00
1144;23:00 AS 07:00;23:0007:00;23:00;07:00
4613;05:00 06:12 06:27 09:00;05:0009:00;05:00;09:00
2783;11:00 12:12 12:27 15:00;11:0015:00;11:00;15:00
5817;15:00 16:12 16:27 19:00;15:0019:00;15:00;19:00
5049;07:00 08:12 08:27 11:00;07:0011:00;07:00;11:00
696;17:00 20:45 21:00 23:00;17:0023:00;17:00;23:00
110;17:00 19:25 19:40 23:00;17:0023:00;17:00;23:00
5333;17:00 20:00 20:15 23:00;17:0023:00;17:00;23:00
481;17:00 19:20 19:35 23:00;17:0023:00;17:00;23:00
100;17:00 20:05 20:20 23:00;17:0023:00;17:00;23:00
356;17:00 19:15 19:30 23:00;17:0023:00;17:00;23:00
1068;14:00 AS 18:00;14:0018:00;14:00;18:00
3002;20:00 22:50 23:50 04:00;20:0004:00;20:00;04:00
2180;20:00 22:45 23:45 04:00;20:0004:00;20:00;04:00
2051;20:00 22:15 23:15 04:00;20:0004:00;20:00;04:00
3003;20:00 22:40 23:40 04:00;20:0004:00;20:00;04:00
3680;19:00 23:00;19:0023:00;19:00;23:00
3315;00:30 02:45 03:00 06:30;2,087847222;00:30;06:30
4639;06:00 07:12 07:27 10:00;06:0010:00;06:00;10:00
4849;19:00 20:35 20:50 23:00;19:0023:00;19:00;23:00
2361;18:00 21:55 22:55 00:00;18:0000:00;18:00;00:00
1882;18:00 20:55 21:55 00:00;18:0000:00;18:00;00:00
2362;18:00 22:00 23:00 00:00;18:0000:00;18:00;00:00
1879;18:00 20:25 21:25 00:00;18:0000:00;18:00;00:00
1878;18:00 21:20 22:20 00:00;18:0000:00;18:00;00:00
3546;18:00 20:10 21:10 00:00;18:0000:00;18:00;00:00
2358;18:00 19:25 20:25 00:00;18:0000:00;18:00;00:00
5035;10:00 11:12 11:27 14:00;10:0014:00;10:00;14:00
4861;10:00 11:45 12:45 16:00;10:0016:00;10:00;16:00
4862;10:00 11:55 12:55 16:00;10:0016:00;10:00;16:00
4863;10:00 13:50 14:50 16:00;10:0016:00;10:00;16:00
4864;10:00 11:40 12:40 16:00;10:0016:00;10:00;16:00
4867;10:00 11:15 12:15 16:00;10:0016:00;10:00;16:00
2543;08:30 13:10 14:10 16:30;2,428125;08:30;16:30
2537;08:30 12:35 13:35 16:30;2,428125;08:30;16:30
4880;08:30 11:55 12:55 16:30;2,428125;08:30;16:30
4432;15:30 17:30 18:30 23:30;2,724652778;15:30;23:30
5314;07:00 15:00;07:0015:00;07:00;15:00
2308;05:00 07:50 08:20 13:00;05:0013:00;05:00;13:00
4878;05:00 07:05 07:35 13:00;05:0013:00;05:00;13:00
4879;05:00 10:45 11:15 13:00;05:0013:00;05:00;13:00
2019;07:30 09:30 10:30 15:30;2,385763889;07:30;15:30
792;07:00 09:25 10:25 15:00;07:0015:00;07:00;15:00
256;07:00 10:10 11:10 15:00;07:0015:00;07:00;15:00
922;07:00 09:40 10:40 15:00;07:0015:00;07:00;15:00
3283;09:00 11:24 11:39 17:00;09:0017:00;09:00;17:00
1002;09:00 AS 15:00;09:0015:00;09:00;15:00
5417;03:00 06:00;03:0006:00;03:00;06:00
5405;10:00 13:00;10:0013:00;10:00;13:00
4938;02:30 05:30;2,170486111;02:30;05:30
1580;22:00 AS 01:00;22:0001:00;22:00;01:00
5404;08:30 11:30;2,424652778;08:30;11:30
5406;09:30 12:30;2,467013889;09:30;12:30
1266;13:00 AS 16:00;13:0016:00;13:00;16:00
1520;03:00 AS 06:00;03:0006:00;03:00;06:00
1298;21:00 AS 00:00;21:0000:00;21:00;00:00
1005;09:00 AS 13:00;09:0013:00;09:00;13:00
5610;20:45 23:45;3,974826389;20:45;23:45
1004;10:00 AS 16:00;10:0016:00;10:00;16:00
1294;13:00 AS 17:00;13:0017:00;13:00;17:00
3640;00:30 02:18 02:33 06:30;2,087847222;00:30;06:30
3318;00:30 04:10 04:25 06:30;2,087847222;00:30;06:30
3317;00:30 02:35 02:50 06:30;2,087847222;00:30;06:30
3310;00:30 04:25 04:40 06:30;2,087847222;00:30;06:30
1226;03:00 AS 07:00;03:0007:00;03:00;07:00
9004;ADM - 09:00 AS 13:00;09:0013:00;09:00;13:00
1587;14:30 AS 17:30;2,678819444;14:30;17:30
1166;14:00 AS 17:00;14:0017:00;14:00;17:00
1615;09:00 AS 12:00;09:0012:00;09:00;12:00
5609;09:30 11:30;2,466319444;09:30;11:30
1714;07:00 AS 14:43;07:0014:43;07:00;14:43
1728;22:00 AS 05:43;22:0005:43;22:00;05:43
4042;01:00 02:48 03:03 07:00;01:0007:00;01:00;07:00
2991;09:00 11:10 11:25 15:00;09:0015:00;09:00;15:00
1177;01:00 AS 05:00;01:0005:00;01:00;05:00
4872;06:00 14:00;06:0014:00;06:00;14:00
5350;04:00 08:00;04:0008:00;04:00;08:00
1145;04:00 AS 08:00;04:0008:00;04:00;08:00
5378;05:00 09:00;05:0009:00;05:00;09:00
5434;05:30 09:30;2,298263889;05:30;09:30
1059;05:30 AS 09:30;2,298263889;05:30;09:30
969;06:30 08:18 08:33 12:30;2,342013889;06:30;12:30
1299;11:30 AS 14:30;2,551736111;11:30;14:30
1316;09:00 AS 14:00;09:0014:00;09:00;14:00
9010;14:00 16:00 16:15 19:15;14:0019:15;14:00;19:15
5383;06:00 11:00;06:0011:00;06:00;11:00
1439;08:00 AS 13:15;08:0013:15;08:00;13:15
1533;11:30 AS 16:54;2,553402778;11:30;16:54
1075;00:30 AS 05:30;2,087152778;00:30;05:30
1391;04:30 AS 09:30;2,256597222;04:30;09:30
1462;14:00 AS 19:00;14:0019:00;14:00;19:00
1114;12:30 AS 18:30;2,596180556;12:30;18:30
1582;08:30 AS 11:30;2,424652778;08:30;11:30
1305;07:00 AS 10:00;07:0010:00;07:00;10:00
1322;08:00 AS 13:00;08:0013:00;08:00;13:00
1393;04:00 AS 09:00;04:0009:00;04:00;09:00
1053;21:00 AS 01:00;21:0001:00;21:00;01:00
1225;02:30 AS 06:30;2,171180556;02:30;06:30
2128;22:00 01:30 01:45 04:00;22:0004:00;22:00;04:00
1;08:00 11:00 11:15 14:00;08:0014:00;08:00;14:00
804;03:00 04:50 05:05 09:00;03:0009:00;03:00;09:00
